{"cameraMode":{"drawMode":0,"name":"Shaded","section":"Shading Mode"},"sceneLighting":true,"audioPlay":false,"sceneViewState":{"m_AlwaysRefresh":false,"showFog":true,"showSkybox":false,"showFlares":true,"showImageEffects":true,"showParticleSystems":true,"showVisualEffectGraphs":true,"m_FxEnabled":true},"in2DMode":false,"pivot":{"x":1.0578911304473878,"y":0.5735071301460266,"z":1.0789029598236085},"rotation":{"x":-0.0069976309314370159,"y":0.9730548858642578,"z":-0.02979448065161705,"w":-0.22855214774608613},"size":1.3988791704177857,"orthographic":false}